Date,Time,Elapsed Seconds,Particulate Matter-PM10 (ug/m&#179;),Particulate Matter-PM2.5 (ug/m&#179;),Particulate Matter-PM1.0 (ug/m&#179;),Particulate Matter-Avg. (ug/m&#179;),Particulate Matter-Avg. (ug/m&#179;),Particulate Matter-Avg. (ug/m&#179;),Carbon Dioxide-CO&#x2082; (ppm),Carbon Dioxide-Avg. (ppm),Ozone-Avg. (ppb),Ozone-O&#x2083; (ppb),Air Quality Index-AQI ,Air Quality Index-Avg. ,Pressure Barometric-Pressure (mBar),Internal Temperature-Internal Temperature (&#x2103;),Humidity-Humidity (%RH),Light Intensity-Light (lux)
3/4/2026,8:28:20 PM,0.00,26,22,14,26,22,14,2386,2386,0.2,0.2,71.8,71.8,975.81,17.7,57,11.1
3/4/2026,8:28:21 PM,1.00,25,23,14,25.5,22.5,14,2346,2366,0.2,0.2,73.9,72.9,975.82,17.7,57,14.9
3/4/2026,8:28:22 PM,2.00,26,24,15,25.4,22.2,14.2,2299,2378.2,0.2,0.2,76,72.2,975.82,17.7,57,9.1
3/4/2026,8:28:23 PM,3.00,27,25,15,25.7,22.7,14.3,2250,2356.8,0.2,0.2,78.1,73.2,975.84,17.7,57,11.1
3/4/2026,8:28:24 PM,4.00,27,25,15,25.9,23,14.4,2186,2332.4,0.2,0.2,78.1,73.9,975.83,17.7,57,11.1
3/4/2026,8:28:25 PM,5.00,27,25,15,26,23.3,14.5,2129,2307,0.2,0.2,78.1,74.4,975.84,17.7,57,11.1
3/4/2026,8:28:26 PM,6.00,24,23,15,25.8,23.2,14.6,2066,2280.2,0.2,0.2,73.9,74.4,975.82,17.7,57,25.9
3/4/2026,8:28:27 PM,7.00,24,23,15,25.6,23.2,14.6,1997,2251.9,0.2,0.2,73.9,74.3,975.8,17.7,57,11.1
3/4/2026,8:28:28 PM,8.00,25,25,16,25.5,23.4,14.7,1932,2222.8,0.2,0.2,78.1,74.7,975.8,17.7,57,11.1
3/4/2026,8:28:29 PM,9.00,27,27,16,25.7,23.7,14.8,1871,2193.5,0.2,0.2,82.3,75.3,975.79,17.7,57,11.1
3/4/2026,8:28:30 PM,10.00,29,28,17,25.9,24,15,1806,2163.7,0.2,0.2,84.4,76,975.82,17.7,57,11.1
3/4/2026,8:28:31 PM,11.00,31,29,18,26.3,24.4,15.2,1759,2134.8,0.2,0.2,86.5,76.8,975.82,17.7,57,25.9
3/4/2026,8:28:32 PM,12.00,32,31,19,26.7,24.8,15.5,1712,2106.6,0.2,0.2,90.7,77.7,975.79,17.7,58.5,11.1
3/4/2026,8:28:33 PM,13.00,33,32,19,27.1,25.3,15.7,1669,2079.3,0.2,0.2,92.8,78.6,975.81,17.8,57,11.1
3/4/2026,8:28:34 PM,14.00,38,33,19,27.7,25.7,15.9,1630,2052.8,0.2,0.2,95,79.6,975.82,17.8,57,11.1
3/4/2026,8:28:35 PM,15.00,42,34,20,28.5,26.2,16.1,1608,2028.1,0.2,0.2,97.1,80.6,975.81,17.8,57,11.1
3/4/2026,8:28:36 PM,16.00,45,35,20,29.4,26.6,16.3,1568,2003.9,0.2,0.2,99.2,81.5,975.82,17.7,57,20.2
3/4/2026,8:28:37 PM,17.00,45,35,20,30.2,27.1,16.5,1535,1980.5,0.2,0.2,99.2,82.4,975.8,17.8,57,11.1
3/4/2026,8:28:38 PM,18.00,46,35,20,30.9,27.4,16.7,1504,1957.8,0.2,0.2,99.2,83.2,975.81,17.8,57,11.1
3/4/2026,8:28:39 PM,19.00,45,35,20,31.5,27.8,16.8,1463,1935.3,0.2,0.2,99.2,84,975.81,17.8,57,11.1
3/4/2026,8:28:40 PM,20.00,45,35,20,32.1,28.1,17,1418,1912.8,0.2,0.2,99.2,84.6,975.8,17.8,57,11.1
3/4/2026,8:28:41 PM,21.00,47,35,20,32.8,28.4,17.1,1388,1890.9,0.2,0.2,99.2,85.2,975.78,17.8,57,20.5
3/4/2026,8:28:42 PM,22.00,47,35,20,33.3,28.6,17.2,1351,1869.3,0.2,0.2,99.2,85.8,975.8,17.8,57,11.1
3/4/2026,8:28:43 PM,23.00,47,35,20,33.8,28.9,17.3,1317,1848.1,0.2,0.2,99.2,86.3,975.81,17.8,57,11.1
3/4/2026,8:28:44 PM,24.00,45,35,20,34.3,29.1,17.4,1283,1827.1,0.2,0.2,99.2,86.8,975.79,17.8,57,11.1
3/4/2026,8:28:45 PM,25.00,45,35,20,34.6,29.3,17.5,1256,1806.8,0.2,0.2,99.2,87.2,975.79,17.8,57,11.1
3/4/2026,8:28:46 PM,26.00,46,33,19,35,29.4,17.6,1229,1786.8,0.2,0.2,95,87.5,975.81,17.8,57,29.8
3/4/2026,8:28:47 PM,27.00,46,33,19,35.4,29.6,17.6,1195,1767.1,0.2,0.2,95,87.7,975.8,17.8,57,11.1
3/4/2026,8:28:48 PM,28.00,46,33,19,35.7,29.7,17.6,1168,1747.8,0.2,0.2,95,88,975.77,17.8,57,11.1
3/4/2026,8:28:49 PM,29.00,43,31,19,36,29.7,17.7,1142,1728.8,0.2,0.2,90.7,88.1,975.8,17.8,57,11.1
3/4/2026,8:28:50 PM,30.00,45,32,20,36.2,29.8,17.8,1115,1710.2,0.2,0.2,92.8,88.2,975.8,17.8,57,11.1
3/4/2026,8:28:51 PM,31.00,44,32,20,36.5,29.9,17.8,1092,1692.1,0.2,0.3,92.8,88.3,975.78,17.7,57,27.8
3/4/2026,8:28:52 PM,32.00,44,32,20,36.7,29.9,17.9,1061,1674,0.2,0.2,92.8,88.5,975.78,17.7,57,11.1
3/4/2026,8:28:53 PM,33.00,43,32,20,36.9,30,17.9,1038,1656.4,0.2,0.2,92.8,88.6,975.8,17.8,57,11.1
3/4/2026,8:28:54 PM,34.00,45,33,20,37.1,30.1,18,1020,1639.2,0.2,0.2,95,88.8,975.82,17.8,57,11.1
3/4/2026,8:28:55 PM,35.00,45,33,20,37.3,30.1,18.1,1007,1622.5,0.2,0.2,95,88.9,975.8,17.8,57,11.1
3/4/2026,8:28:56 PM,36.00,43,32,19,37.4,30.2,18.1,986,1606.2,0.2,0.2,92.8,89,975.8,17.7,57,24
3/4/2026,8:28:57 PM,37.00,43,32,19,37.6,30.2,18.1,967,1590.2,0.2,0.2,92.8,89.1,975.8,17.8,57,11.1
3/4/2026,8:28:58 PM,38.00,43,32,19,37.7,30.3,18.1,951,1574.6,0.2,0.2,92.8,89.2,975.77,17.8,57,11.1
3/4/2026,8:28:59 PM,39.00,42,32,19,37.8,30.3,18.1,930,1559.3,0.2,0.2,92.8,89.3,975.79,17.7,57,11.1
3/4/2026,8:29:00 PM,40.00,42,32,19,37.9,30.3,18.2,923,1544.5,0.2,0.2,92.8,89.4,975.76,17.7,57,11.1
3/4/2026,8:29:01 PM,41.00,42,32,19,38,30.4,18.2,915,1530.2,0.2,0.2,92.8,89.5,975.79,17.7,57,20.2
3/4/2026,8:29:02 PM,42.00,43,32,19,38.1,30.4,18.2,903,1516.2,0.2,0.2,92.8,89.5,975.78,17.7,57,11.1
3/4/2026,8:29:03 PM,43.00,43,32,19,38.2,30.5,18.2,893,1502.7,0.2,0.2,92.8,89.6,975.8,17.7,57,11.1
3/4/2026,8:29:04 PM,44.00,42,32,19,38.3,30.5,18.2,878,1489.4,0.2,0.2,92.8,89.7,975.76,17.7,57,11.1
3/4/2026,8:29:05 PM,45.00,43,33,20,38.4,30.5,18.3,866,1476.4,0.2,0.2,95,89.8,975.75,17.7,57,11.1
3/4/2026,8:29:06 PM,46.00,43,33,20,38.5,30.6,18.3,854,1463.7,0.2,0.2,95,89.9,975.77,17.7,57,18.6
3/4/2026,8:29:07 PM,47.00,43,33,20,38.6,30.6,18.3,847,1451.4,0.2,0.2,95,90,975.75,17.7,57,11.1
3/4/2026,8:29:08 PM,48.00,42,32,19,38.6,30.7,18.4,838,1439.4,0.2,0.2,92.8,90,975.76,17.7,57,11.1
3/4/2026,8:29:09 PM,49.00,43,33,19,38.7,30.7,18.4,827,1427.6,0.2,0.2,95,90.1,975.78,17.7,57,11.1
3/4/2026,8:29:10 PM,50.00,43,33,19,38.8,30.8,18.4,819,1416.1,0.2,0.2,95,90.2,975.77,17.7,55.6,11.1
3/4/2026,8:29:11 PM,51.00,43,33,19,38.9,30.8,18.4,814,1404.9,0.2,0.2,95,90.3,975.78,17.7,57,25.9
3/4/2026,8:29:12 PM,52.00,41,34,19,38.9,30.9,18.4,807,1394.1,0.2,0.2,97.1,90.4,975.78,17.7,57,11.1
3/4/2026,8:29:13 PM,53.00,41,34,19,39,30.9,18.4,799,1383.4,0.2,0.2,97.1,90.6,975.77,17.7,57,11.1
3/4/2026,8:29:14 PM,54.00,44,35,20,39.1,31,18.4,799,1373.2,0.2,0.2,99.2,90.7,975.77,17.7,57,11.1
3/4/2026,8:29:15 PM,55.00,44,35,20,39.1,31.1,18.5,793,1363.2,0.2,0.2,99.2,90.9,975.77,17.7,57,9.1
3/4/2026,8:29:16 PM,56.00,44,35,20,39.2,31.1,18.5,790,1353.5,0.2,0.2,99.2,91,975.74,17.7,57,27.8
3/4/2026,8:29:17 PM,57.00,42,35,20,39.3,31.2,18.5,784,1344,0.2,0.2,99.2,91.1,975.74,17.7,57,11.1
3/4/2026,8:29:18 PM,58.00,42,35,20,39.3,31.2,18.5,779,1334.7,0.2,0.2,99.2,91.3,975.76,17.7,57,11.1
3/4/2026,8:29:19 PM,59.00,41,34,20,39.3,31.3,18.6,782,1325.8,0.2,0.2,97.1,91.4,975.75,17.7,57,11.1
3/4/2026,8:29:20 PM,60.00,42,35,21,39.4,31.3,18.6,789,1317.3,0.2,0.2,99.2,91.5,975.73,17.7,57,9.1
3/4/2026,8:29:21 PM,61.00,42,35,21,39.4,31.4,18.6,784,1309,0.2,0.2,99.2,91.6,975.75,17.7,57,22.1
3/4/2026,8:29:22 PM,62.00,43,35,21,39.5,31.5,18.7,778,1300.8,0.2,0.2,99.2,91.7,975.76,17.7,57,9.1
3/4/2026,8:29:23 PM,63.00,42,34,20,39.5,31.5,18.7,781,1292.9,0.2,0.2,97.1,91.8,975.75,17.7,57,11.1
3/4/2026,8:29:24 PM,64.00,40,34,20,39.5,31.5,18.7,782,1285.3,0.2,0.2,97.1,91.9,975.75,17.7,57,11.1
3/4/2026,8:29:25 PM,65.00,40,34,20,39.5,31.6,18.7,781,1277.9,0.2,0.2,97.1,92,975.77,17.7,57,11.1
3/4/2026,8:29:26 PM,66.00,41,35,21,39.6,31.6,18.8,778,1270.6,0.2,0.2,99.2,92.1,975.76,17.7,57,18.3
3/4/2026,8:29:27 PM,67.00,42,36,21,39.6,31.7,18.8,768,1263.4,0.2,0.2,102.2,92.2,975.76,17.7,57,9.1
3/4/2026,8:29:28 PM,68.00,41,36,21,39.6,31.7,18.8,762,1256.4,0.2,0.2,102.2,92.3,975.75,17.7,57,11.1
3/4/2026,8:29:29 PM,69.00,40,35,21,39.6,31.8,18.9,758,1249.5,0.2,0.2,99.2,92.4,975.72,17.7,57,9.1
3/4/2026,8:29:30 PM,70.00,39,34,20,39.6,31.8,18.9,754,1242.7,0.2,0.2,97.1,92.5,975.72,17.7,57,11.1
3/4/2026,8:29:31 PM,71.00,38,34,19,39.6,31.9,18.9,754,1236.1,0.2,0.2,97.1,92.6,975.71,17.7,57,25.9
3/4/2026,8:29:32 PM,72.00,40,35,20,39.6,31.9,18.9,752,1229.6,0.2,0.2,99.2,92.7,975.73,17.7,57,11.1
3/4/2026,8:29:33 PM,73.00,42,34,20,39.6,31.9,18.9,750,1223.3,0.2,0.2,97.1,92.7,975.74,17.7,57,11.1
3/4/2026,8:29:34 PM,74.00,42,35,20,39.6,32,18.9,748,1217.1,0.2,0.2,99.2,92.8,975.73,17.7,57,11.1
3/4/2026,8:29:35 PM,75.00,45,35,21,39.7,32,18.9,747,1211.1,0.2,0.2,99.2,92.9,975.72,17.7,57,11.1
3/4/2026,8:29:36 PM,76.00,45,36,20,39.8,32.1,19,742,1205.2,0.2,0.2,102.2,93,975.72,17.7,57,27.8
3/4/2026,8:29:37 PM,77.00,45,35,20,39.9,32.1,19,741,1199.4,0.2,0.2,99.2,93.1,975.72,17.7,57,11.1
3/4/2026,8:29:38 PM,78.00,45,35,20,39.9,32.1,19,739,1193.7,0.2,0.2,99.2,93.2,975.73,17.7,57,11.1
3/4/2026,8:29:39 PM,79.00,45,35,20,40,32.2,19,737,1188.1,0.2,0.3,99.2,93.2,975.69,17.7,57,11.1
3/4/2026,8:29:40 PM,80.00,45,35,20,40,32.2,19,735,1182.7,0.2,0.2,99.2,93.3,975.69,17.7,57,11.1
3/4/2026,8:29:41 PM,81.00,45,35,20,40.1,32.2,19,736,1177.3,0.2,0.2,99.2,93.4,975.69,17.7,57,27.8
3/4/2026,8:29:42 PM,82.00,45,36,20,40.2,32.3,19,735,1172.1,0.2,0.2,102.2,93.5,975.69,17.7,57,13
3/4/2026,8:29:43 PM,83.00,45,36,20,40.2,32.3,19,739,1167.1,0.2,0.2,102.2,93.6,975.7,17.7,57,13
3/4/2026,8:29:44 PM,84.00,45,36,20,40.3,32.4,19.1,745,1162.2,0.2,0.2,102.2,93.7,975.7,17.7,57,11.1
3/4/2026,8:29:45 PM,85.00,45,35,20,40.3,32.4,19.1,753,1157.6,0.2,0.2,99.2,93.7,975.72,17.7,57,13
3/4/2026,8:29:46 PM,86.00,45,35,20,40.4,32.4,19.1,763,1153.2,0.2,0.2,99.2,93.8,975.7,17.7,57,24
3/4/2026,8:29:47 PM,87.00,44,35,20,40.4,32.4,19.1,777,1149,0.2,0.2,99.2,93.9,975.68,17.7,57,13
3/4/2026,8:29:48 PM,88.00,44,35,20,40.5,32.5,19.1,789,1145,0.2,0.2,99.2,93.9,975.68,17.7,57,13
3/4/2026,8:29:49 PM,89.00,44,35,20,40.5,32.5,19.1,798,1141.3,0.2,0.2,99.2,94,975.68,17.7,57,13
3/4/2026,8:29:50 PM,90.00,41,34,20,40.5,32.5,19.1,812,1137.7,0.2,0.2,97.1,94,975.71,17.7,57,13
3/4/2026,8:29:51 PM,91.00,41,34,20,40.5,32.5,19.1,828,1134.4,0.2,0.2,97.1,94,975.68,17.7,57,20.2
3/4/2026,8:29:52 PM,92.00,41,33,20,40.5,32.5,19.1,839,1131.3,0.2,0.2,95,94.1,975.66,17.7,57,13
3/4/2026,8:29:53 PM,93.00,41,33,20,40.5,32.5,19.1,853,1128.4,0.2,0.2,95,94.1,975.69,17.7,57,13
3/4/2026,8:29:54 PM,94.00,41,33,20,40.5,32.5,19.2,855,1125.6,0.2,0.2,95,94.1,975.67,17.7,57,13
3/4/2026,8:29:55 PM,95.00,41,33,20,40.5,32.6,19.2,861,1122.9,0.2,0.2,95,94.1,975.68,17.7,57,13
3/4/2026,8:29:56 PM,96.00,41,33,20,40.5,32.6,19.2,865,1120.3,0.2,0.2,95,94.1,975.67,17.7,57,27.8
3/4/2026,8:29:57 PM,97.00,38,33,20,40.5,32.6,19.2,865,1117.7,0.2,0.2,95,94.1,975.66,17.7,57,13
3/4/2026,8:29:58 PM,98.00,38,33,20,40.5,32.6,19.2,865,1115.2,0.2,0.2,95,94.1,975.67,17.6,57,13
3/4/2026,8:29:59 PM,99.00,38,33,20,40.5,32.6,19.2,861,1112.7,0.2,0.2,95,94.1,975.64,17.6,57,13
3/4/2026,8:30:00 PM,100.00,38,32,21,40.4,32.6,19.2,861,1110.3,0.2,0.2,92.8,94.1,975.64,17.6,57,13
3/4/2026,8:30:01 PM,101.00,38,32,21,40.4,32.6,19.2,858,1107.9,0.2,0.2,92.8,94.1,975.67,17.6,57,27.8
3/4/2026,8:30:02 PM,102.00,36,32,21,40.4,32.6,19.2,856,1105.5,0.2,0.2,92.8,94.1,975.64,17.6,57,13
3/4/2026,8:30:03 PM,103.00,36,32,21,40.3,32.5,19.3,856,1103.1,0.2,0.2,92.8,94.1,975.65,17.6,57,13
3/4/2026,8:30:04 PM,104.00,36,32,21,40.3,32.5,19.3,855,1100.8,0.2,0.2,92.8,94.1,975.66,17.6,57,13
3/4/2026,8:30:05 PM,105.00,35,32,21,40.2,32.5,19.3,854,1098.5,0.2,0.2,92.8,94,975.66,17.6,57,13
3/4/2026,8:30:06 PM,106.00,35,32,21,40.2,32.5,19.3,859,1096.3,0.2,0.2,92.8,94,975.65,17.6,57,27.8
3/4/2026,8:30:07 PM,107.00,35,32,21,40.1,32.5,19.3,866,1094.2,0.2,0.2,92.8,94,975.64,17.6,58.4,13
3/4/2026,8:30:08 PM,108.00,35,32,21,40.1,32.5,19.3,876,1092.3,0.2,0.2,92.8,94,975.66,17.6,58.4,13
3/4/2026,8:30:09 PM,109.00,35,32,21,40,32.5,19.4,894,1090.5,0.2,0.2,92.8,94,975.62,17.6,58.4,13
3/4/2026,8:30:10 PM,110.00,36,32,21,40,32.5,19.4,912,1088.9,0.2,0.2,92.8,94,975.64,17.6,58.4,13
3/4/2026,8:30:11 PM,111.00,36,32,21,40,32.5,19.4,925,1087.5,0.2,0.2,92.8,94,975.65,17.6,58.4,24
3/4/2026,8:30:12 PM,112.00,37,33,22,39.9,32.5,19.4,940,1086.2,0.2,0.2,95,94,975.67,17.6,58.4,13
3/4/2026,8:30:13 PM,113.00,37,33,22,39.9,32.5,19.4,952,1085,0.2,0.2,95,94,975.66,17.6,57,13
3/4/2026,8:30:14 PM,114.00,37,33,22,39.9,32.5,19.5,962,1084,0.2,0.2,95,94,975.63,17.6,57,13
3/4/2026,8:30:15 PM,115.00,39,33,22,39.9,32.5,19.5,969,1083,0.2,0.2,95,94,975.65,17.6,57,13
3/4/2026,8:30:16 PM,116.00,39,33,22,39.9,32.5,19.5,964,1082,0.2,0.2,95,94,975.66,17.6,57,27.8
3/4/2026,8:30:17 PM,117.00,38,33,22,39.9,32.5,19.5,967,1081,0.2,0.2,95,94,975.64,17.6,57,13
3/4/2026,8:30:18 PM,118.00,38,33,22,39.9,32.5,19.5,960,1080,0.2,0.2,95,94,975.63,17.6,57,13
3/4/2026,8:30:19 PM,119.00,38,33,22,39.8,32.5,19.6,952,1079,0.2,0.2,95,94,975.63,17.6,57,11.1
3/4/2026,8:30:20 PM,120.00,37,33,22,39.8,32.5,19.6,946,1077.9,0.2,0.2,95,94.1,975.62,17.6,57,11.1
3/4/2026,8:30:21 PM,121.00,37,33,22,39.8,32.5,19.6,939,1076.8,0.2,0.2,95,94.1,975.64,17.6,58.4,27.8
3/4/2026,8:30:22 PM,122.00,38,33,21,39.8,32.6,19.6,925,1075.6,0.2,0.2,95,94.1,975.63,17.6,57,13
3/4/2026,8:30:23 PM,123.00,38,33,21,39.8,32.6,19.6,916,1074.3,0.2,0.2,95,94.1,975.62,17.6,57,13
3/4/2026,8:30:24 PM,124.00,38,33,21,39.7,32.6,19.6,908,1073,0.2,0.2,95,94.1,975.62,17.6,57,11.1
3/4/2026,8:30:25 PM,125.00,37,32,21,39.7,32.6,19.6,899,1071.6,0.2,0.2,92.8,94.1,975.6,17.6,57,13
3/4/2026,8:30:26 PM,126.00,37,32,21,39.7,32.6,19.7,893,1070.3,0.2,0.2,92.8,94.1,975.62,17.6,57,27.8
3/4/2026,8:30:27 PM,127.00,38,33,20,39.7,32.6,19.7,889,1068.9,0.2,0.2,95,94.1,975.61,17.6,57,11.1
3/4/2026,8:30:28 PM,128.00,38,33,20,39.7,32.6,19.7,881,1067.4,0.2,0.2,95,94.1,975.62,17.6,57,11.1
3/4/2026,8:30:29 PM,129.00,38,33,20,39.7,32.6,19.7,876,1066,0.2,0.2,95,94.1,975.62,17.6,57,11.1
3/4/2026,8:30:30 PM,130.00,40,34,21,39.7,32.6,19.7,865,1064.5,0.2,0.2,97.1,94.1,975.63,17.6,57,11.1
3/4/2026,8:30:31 PM,131.00,40,34,21,39.7,32.6,19.7,855,1062.9,0.2,0.2,97.1,94.1,975.62,17.6,57,27.8
3/4/2026,8:30:32 PM,132.00,41,34,21,39.7,32.6,19.7,846,1061.3,0.2,0.2,97.1,94.2,975.6,17.6,57,13
3/4/2026,8:30:33 PM,133.00,41,33,21,39.7,32.6,19.7,830,1059.6,0.2,0.2,95,94.2,975.62,17.6,57,13
3/4/2026,8:30:34 PM,134.00,42,33,20,39.7,32.6,19.7,816,1057.8,0.2,0.2,95,94.2,975.6,17.6,57,13
3/4/2026,8:30:35 PM,135.00,41,33,20,39.7,32.6,19.7,807,1056,0.2,0.2,95,94.2,975.6,17.6,57,13
3/4/2026,8:30:36 PM,136.00,42,33,21,39.7,32.6,19.7,803,1054.2,0.2,0.2,95,94.2,975.62,17.6,57,24
3/4/2026,8:30:37 PM,137.00,41,33,21,39.7,32.6,19.7,795,1052.3,0.2,0.2,95,94.2,975.59,17.6,57,13
3/4/2026,8:30:38 PM,138.00,41,34,21,39.8,32.6,19.7,793,1050.5,0.2,0.2,97.1,94.2,975.6,17.6,57,13
3/4/2026,8:30:39 PM,139.00,41,33,21,39.8,32.6,19.7,793,1048.7,0.2,0.2,95,94.2,975.58,17.6,57,11.1
3/4/2026,8:30:40 PM,140.00,39,32,20,39.8,32.6,19.7,791,1046.9,0.2,0.2,92.8,94.2,975.62,17.6,57,11.1
3/4/2026,8:30:41 PM,141.00,39,33,20,39.8,32.6,19.7,781,1045,0.2,0.2,95,94.2,975.6,17.5,57,27.8
3/4/2026,8:30:42 PM,142.00,38,33,20,39.7,32.6,19.7,773,1043.2,0.2,0.2,95,94.2,975.61,17.5,57,11.1
3/4/2026,8:30:43 PM,143.00,39,33,21,39.7,32.6,19.8,767,1041.3,0.2,0.3,95,94.2,975.6,17.5,57,13
3/4/2026,8:30:44 PM,144.00,39,33,21,39.7,32.6,19.8,762,1039.4,0.2,0.2,95,94.2,975.62,17.5,57,11.1
3/4/2026,8:30:45 PM,145.00,40,33,21,39.7,32.6,19.8,755,1037.4,0.2,0.2,95,94.2,975.6,17.5,57,11.1
3/4/2026,8:30:46 PM,146.00,40,33,21,39.7,32.6,19.8,750,1035.5,0.2,0.2,95,94.2,975.55,17.5,57,27.8
3/4/2026,8:30:47 PM,147.00,40,33,21,39.7,32.6,19.8,746,1033.6,0.2,0.2,95,94.2,975.57,17.5,57,11.1
3/4/2026,8:30:48 PM,148.00,41,33,20,39.7,32.6,19.8,742,1031.6,0.2,0.2,95,94.2,975.55,17.5,57,13
3/4/2026,8:30:49 PM,149.00,41,33,20,39.8,32.6,19.8,742,1029.7,0.2,0.2,95,94.2,975.56,17.5,57,13
3/4/2026,8:30:50 PM,150.00,40,33,21,39.8,32.6,19.8,742,1027.9,0.2,0.2,95,94.3,975.57,17.5,57,13
3/4/2026,8:30:51 PM,151.00,40,33,21,39.8,32.6,19.8,736,1026,0.2,0.2,95,94.3,975.57,17.5,57,27.8
3/4/2026,8:30:52 PM,152.00,40,33,21,39.8,32.6,19.8,730,1024.1,0.2,0.2,95,94.3,975.58,17.5,57,13
3/4/2026,8:30:53 PM,153.00,40,33,21,39.8,32.6,19.8,725,1022.1,0.2,0.2,95,94.3,975.6,17.5,57,13
3/4/2026,8:30:54 PM,154.00,40,33,21,39.8,32.6,19.8,727,1020.3,0.2,0.2,95,94.3,975.56,17.5,57,13
3/4/2026,8:30:55 PM,155.00,40,33,20,39.8,32.7,19.8,725,1018.4,0.2,0.2,95,94.3,975.59,17.5,57,11.1
3/4/2026,8:30:56 PM,156.00,40,33,20,39.8,32.7,19.8,721,1016.5,0.2,0.2,95,94.3,975.56,17.5,57,27.8
3/4/2026,8:30:57 PM,157.00,40,33,20,39.8,32.7,19.8,722,1014.7,0.2,0.2,95,94.3,975.55,17.5,57,13
3/4/2026,8:30:58 PM,158.00,41,33,20,39.8,32.7,19.8,721,1012.9,0.2,0.2,95,94.3,975.57,17.5,57,11.1
3/4/2026,8:30:59 PM,159.00,41,33,20,39.8,32.7,19.8,722,1011.1,0.2,0.2,95,94.3,975.57,17.5,57,13
3/4/2026,8:31:00 PM,160.00,43,33,21,39.8,32.7,19.8,722,1009.3,0.2,0.2,95,94.3,975.54,17.5,57,11.1
3/4/2026,8:31:01 PM,161.00,43,33,21,39.8,32.7,19.8,725,1007.6,0.2,0.2,95,94.3,975.54,17.5,57,25.9
3/4/2026,8:31:02 PM,162.00,43,33,21,39.8,32.7,19.9,717,1005.8,0.2,0.2,95,94.3,975.53,17.5,57,11.1
3/4/2026,8:31:03 PM,163.00,42,33,20,39.8,32.7,19.9,712,1004,0.2,0.2,95,94.3,975.55,17.5,57,11.1
3/4/2026,8:31:04 PM,164.00,42,33,20,39.9,32.7,19.9,710,1002.3,0.2,0.2,95,94.3,975.56,17.5,57,11.1
3/4/2026,8:31:05 PM,165.00,43,33,21,39.9,32.7,19.9,710,1000.5,0.2,0.2,95,94.3,975.58,17.5,57,11.1
3/4/2026,8:31:06 PM,166.00,43,33,21,39.9,32.7,19.9,709,998.8,0.2,0.2,95,94.3,975.57,17.5,57,27.8
3/4/2026,8:31:07 PM,167.00,43,33,21,39.9,32.7,19.9,709,997.1,0.2,0.2,95,94.3,975.58,17.5,57,11.1
3/4/2026,8:31:08 PM,168.00,40,33,20,39.9,32.7,19.9,707,995.4,0.2,0.2,95,94.3,975.54,17.5,58.4,11.1
3/4/2026,8:31:09 PM,169.00,40,33,20,39.9,32.7,19.9,709,993.7,0.2,0.2,95,94.3,975.55,17.5,57,11.1
3/4/2026,8:31:10 PM,170.00,38,32,20,39.9,32.7,19.9,711,992.1,0.2,0.2,92.8,94.3,975.55,17.5,58.4,11.1
3/4/2026,8:31:11 PM,171.00,39,32,20,39.9,32.7,19.9,712,990.5,0.2,0.2,92.8,94.3,975.56,17.5,57,27.8
3/4/2026,8:31:12 PM,172.00,40,33,20,39.9,32.7,19.9,712,988.9,0.2,0.2,95,94.3,975.54,17.5,57,11.1
3/4/2026,8:31:13 PM,173.00,44,33,20,39.9,32.7,19.9,712,987.3,0.2,0.2,95,94.3,975.55,17.5,57,11.1
3/4/2026,8:31:14 PM,174.00,43,33,21,39.9,32.7,19.9,712,985.8,0.2,0.2,95,94.3,975.53,17.5,57,11.1
3/4/2026,8:31:15 PM,175.00,43,34,21,40,32.7,19.9,711,984.2,0.2,0.2,97.1,94.3,975.54,17.5,57,11.1
3/4/2026,8:31:16 PM,176.00,41,34,21,40,32.7,19.9,710,982.7,0.2,0.2,97.1,94.4,975.55,17.5,57,27.8
3/4/2026,8:31:17 PM,177.00,42,34,21,40,32.7,19.9,710,981.2,0.2,0.2,97.1,94.4,975.54,17.4,57,14.9
3/4/2026,8:31:18 PM,178.00,42,35,22,40,32.7,19.9,711,979.7,0.2,0.2,99.2,94.4,975.54,17.4,57,7.2
3/4/2026,8:31:19 PM,179.00,45,36,22,40,32.7,19.9,700,978.1,0.2,0.2,102.2,94.4,975.54,17.4,57,9.1
3/4/2026,8:31:20 PM,180.00,45,36,22,40,32.7,19.9,698,976.6,0.2,0.2,102.2,94.5,975.55,17.4,57,9.1
3/4/2026,8:31:21 PM,181.00,45,36,22,40.1,32.8,20,700,975.1,0.2,0.2,102.2,94.5,975.53,17.4,57,24
3/4/2026,8:31:22 PM,182.00,45,36,22,40.1,32.8,20,696,973.6,0.2,0.2,102.2,94.6,975.52,17.4,57,9.1
3/4/2026,8:31:23 PM,183.00,45,36,22,40.1,32.8,20,694,972.1,0.2,0.2,102.2,94.6,975.52,17.4,57,9.1
3/4/2026,8:31:24 PM,184.00,41,35,22,40.1,32.8,20,696,970.6,0.2,0.2,99.2,94.6,975.54,17.4,57,9.1
3/4/2026,8:31:25 PM,185.00,41,35,22,40.1,32.8,20,697,969.2,0.2,0.2,99.2,94.7,975.55,17.4,57,9.1
3/4/2026,8:31:26 PM,186.00,43,36,22,40.1,32.8,20,699,967.7,0.2,0.2,102.2,94.7,975.53,17.4,57,24
3/4/2026,8:31:27 PM,187.00,43,36,22,40.2,32.9,20,699,966.3,0.2,0.2,102.2,94.7,975.53,17.4,57,9.1
3/4/2026,8:31:28 PM,188.00,43,36,22,40.2,32.9,20,702,964.9,0.2,0.2,102.2,94.8,975.52,17.4,57,9.1
3/4/2026,8:31:29 PM,189.00,41,35,22,40.2,32.9,20,705,963.6,0.2,0.2,99.2,94.8,975.53,17.4,58.4,9.1
3/4/2026,8:31:30 PM,190.00,41,35,22,40.2,32.9,20,704,962.2,0.2,0.2,99.2,94.8,975.53,17.4,57,9.1
3/4/2026,8:31:31 PM,191.00,42,35,22,40.2,32.9,20.1,706,960.9,0.2,0.2,99.2,94.8,975.53,17.4,57,24
3/4/2026,8:31:32 PM,192.00,41,35,22,40.2,32.9,20.1,705,959.6,0.2,0.2,99.2,94.9,975.54,17.4,57,9.1
3/4/2026,8:31:33 PM,193.00,39,34,21,40.2,32.9,20.1,703,958.3,0.2,0.2,97.1,94.9,975.56,17.4,57,9.1
3/4/2026,8:31:34 PM,194.00,40,35,21,40.2,32.9,20.1,699,957,0.2,0.2,99.2,94.9,975.52,17.4,57,9.1
3/4/2026,8:31:35 PM,195.00,40,35,21,40.2,32.9,20.1,695,955.7,0.2,0.2,99.2,94.9,975.54,17.4,57,9.1
3/4/2026,8:31:36 PM,196.00,41,35,21,40.2,33,20.1,695,954.4,0.2,0.2,99.2,94.9,975.54,17.4,57,25.9
3/4/2026,8:31:37 PM,197.00,43,36,22,40.2,33,20.1,694,953.1,0.2,0.2,102.2,95,975.47,17.4,57,11.1
3/4/2026,8:31:38 PM,198.00,44,36,21,40.2,33,20.1,692,951.8,0.2,0.2,102.2,95,975.47,17.4,57,9.1
3/4/2026,8:31:39 PM,199.00,46,36,21,40.3,33,20.1,692,950.5,0.2,0.2,102.2,95.1,975.49,17.4,58.4,9.1
3/4/2026,8:31:40 PM,200.00,46,36,21,40.3,33,20.1,695,949.2,0.2,0.2,102.2,95.1,975.49,17.4,57,9.1
3/4/2026,8:31:41 PM,201.00,46,36,21,40.3,33,20.1,697,948,0.2,0.2,102.2,95.1,975.49,17.4,58.4,25.9
3/4/2026,8:31:42 PM,202.00,45,35,20,40.3,33,20.1,700,946.8,0.2,0.2,99.2,95.1,975.49,17.4,57,9.1
3/4/2026,8:31:43 PM,203.00,45,35,20,40.4,33,20.1,703,945.6,0.2,0.2,99.2,95.2,975.49,17.4,57,9.1
3/4/2026,8:31:44 PM,204.00,45,36,20,40.4,33.1,20.1,708,944.4,0.2,0.2,102.2,95.2,975.49,17.4,58.4,11.1
3/4/2026,8:31:45 PM,205.00,45,36,20,40.4,33.1,20.1,703,943.3,0.2,0.2,102.2,95.2,975.51,17.4,57,9.1
3/4/2026,8:31:46 PM,206.00,45,36,20,40.4,33.1,20.1,704,942.1,0.2,0.2,102.2,95.3,975.49,17.4,58.4,25.9
3/4/2026,8:31:47 PM,207.00,43,34,20,40.4,33.1,20.1,700,941,0.2,0.2,97.1,95.3,975.47,17.4,58.4,9.1
3/4/2026,8:31:48 PM,208.00,42,33,20,40.4,33.1,20.1,700,939.8,0.2,0.2,95,95.3,975.5,17.4,58.4,9.1
3/4/2026,8:31:49 PM,209.00,40,32,20,40.4,33.1,20.1,695,938.7,0.2,0.2,92.8,95.3,975.51,17.4,57,9.1
3/4/2026,8:31:50 PM,210.00,39,31,19,40.4,33.1,20.1,697,937.5,0.2,0.2,90.7,95.2,975.47,17.3,58.4,9.1
3/4/2026,8:31:51 PM,211.00,37,31,18,40.4,33.1,20.1,697,936.4,0.2,0.2,90.7,95.2,975.49,17.4,58.4,25.9
3/4/2026,8:31:52 PM,212.00,37,31,19,40.4,33.1,20.1,694,935.3,0.2,0.2,90.7,95.2,975.48,17.3,58.4,9.1
3/4/2026,8:31:53 PM,213.00,35,32,18,40.4,33.1,20.1,695,934.2,0.2,0.2,92.8,95.2,975.47,17.3,58.4,11.1
3/4/2026,8:31:54 PM,214.00,38,33,20,40.4,33.1,20.1,697,933.1,0.2,0.2,95,95.2,975.47,17.3,58.4,11.1
3/4/2026,8:31:55 PM,215.00,38,33,19,40.4,33.1,20.1,699,932,0.2,0.2,95,95.2,975.49,17.3,58.4,11.1
3/4/2026,8:31:56 PM,216.00,41,35,20,40.4,33.1,20.1,693,930.9,0.2,0.2,99.2,95.2,975.49,17.3,58.4,25.9
3/4/2026,8:31:57 PM,217.00,41,35,20,40.4,33.1,20.1,695,929.8,0.2,0.2,99.2,95.2,975.5,17.3,58.4,11.1
3/4/2026,8:31:58 PM,218.00,41,35,20,40.4,33.1,20.1,693,928.8,0.2,0.2,99.2,95.2,975.51,17.3,58.4,11.1
3/4/2026,8:31:59 PM,219.00,41,35,20,40.4,33.1,20.1,690,927.7,0.2,0.2,99.2,95.3,975.52,17.3,58.4,11.1
3/4/2026,8:32:00 PM,220.00,42,36,21,40.4,33.1,20.1,697,926.7,0.2,0.2,102.2,95.3,975.49,17.3,58.4,11.1
3/4/2026,8:32:01 PM,221.00,42,36,21,40.4,33.1,20.1,695,925.6,0.2,0.2,102.2,95.3,975.49,17.3,58.4,25.9
3/4/2026,8:32:02 PM,222.00,44,36,22,40.4,33.1,20.1,699,924.6,0.2,0.2,102.2,95.3,975.48,17.3,58.4,11.1
3/4/2026,8:32:03 PM,223.00,44,36,22,40.4,33.1,20.1,698,923.6,0.2,0.2,102.2,95.4,975.49,17.3,58.4,11.1
3/4/2026,8:32:04 PM,224.00,44,36,22,40.4,33.2,20.1,704,922.7,0.2,0.2,102.2,95.4,975.48,17.3,58.4,11.1
3/4/2026,8:32:05 PM,225.00,43,36,21,40.4,33.2,20.1,708,921.7,0.2,0.2,102.2,95.4,975.49,17.3,58.4,11.1
3/4/2026,8:32:06 PM,226.00,43,36,21,40.5,33.2,20.1,708,920.8,0.2,0.2,102.2,95.5,975.47,17.3,58.4,25.9
3/4/2026,8:32:07 PM,227.00,45,36,22,40.5,33.2,20.1,708,919.9,0.2,0.2,102.2,95.5,975.46,17.3,58.4,11.1
3/4/2026,8:32:08 PM,228.00,45,36,22,40.5,33.2,20.1,708,918.9,0.2,0.2,102.2,95.5,975.47,17.3,58.4,11.1
3/4/2026,8:32:09 PM,229.00,45,36,22,40.5,33.2,20.1,708,918,0.2,0.2,102.2,95.6,975.47,17.3,58.4,11.1
3/4/2026,8:32:10 PM,230.00,44,35,22,40.5,33.2,20.1,710,917.1,0.2,0.2,99.2,95.6,975.47,17.3,58.4,11.1
3/4/2026,8:32:11 PM,231.00,44,35,22,40.5,33.2,20.2,713,916.3,0.2,0.2,99.2,95.6,975.49,17.3,58.4,25.9
3/4/2026,8:32:12 PM,232.00,45,35,21,40.6,33.2,20.2,711,915.4,0.2,0.2,99.2,95.6,975.49,17.3,58.4,11.1
3/4/2026,8:32:13 PM,233.00,46,35,22,40.6,33.2,20.2,713,914.5,0.2,0.2,99.2,95.6,975.49,17.3,58.4,11.1
3/4/2026,8:32:14 PM,234.00,47,35,22,40.6,33.3,20.2,711,913.7,0.2,0.2,99.2,95.6,975.46,17.3,58.4,9.1
3/4/2026,8:32:15 PM,235.00,47,35,22,40.6,33.3,20.2,711,912.8,0.2,0.2,99.2,95.6,975.49,17.3,58.4,9.1
3/4/2026,8:32:16 PM,236.00,46,34,21,40.7,33.3,20.2,716,912,0.2,0.2,97.1,95.7,975.48,17.3,58.4,25.9
3/4/2026,8:32:17 PM,237.00,47,33,20,40.7,33.3,20.2,718,911.2,0.2,0.2,95,95.6,975.48,17.3,58.4,9.1
3/4/2026,8:32:18 PM,238.00,47,33,20,40.7,33.3,20.2,718,910.4,0.2,0.2,95,95.6,975.49,17.3,58.4,9.1
3/4/2026,8:32:19 PM,239.00,45,33,20,40.7,33.3,20.2,715,909.6,0.2,0.2,95,95.6,975.5,17.3,58.4,9.1
3/4/2026,8:32:20 PM,240.00,44,33,20,40.7,33.3,20.2,714,908.8,0.2,0.2,95,95.6,975.5,17.3,58.4,9.1
3/4/2026,8:32:21 PM,241.00,42,32,19,40.8,33.3,20.2,720,908,0.2,0.2,92.8,95.6,975.47,17.3,58.4,25.9
3/4/2026,8:32:22 PM,242.00,38,32,18,40.7,33.2,20.2,723,907.2,0.2,0.2,92.8,95.6,975.47,17.3,58.4,9.1
3/4/2026,8:32:23 PM,243.00,37,32,18,40.7,33.2,20.2,715,906.5,0.2,0.2,92.8,95.6,975.5,17.3,58.4,9.1
3/4/2026,8:32:24 PM,244.00,37,32,18,40.7,33.2,20.1,711,905.7,0.2,0.2,92.8,95.6,975.49,17.3,58.4,9.1
3/4/2026,8:32:25 PM,245.00,38,32,18,40.7,33.2,20.1,706,904.9,0.2,0.2,92.8,95.6,975.48,17.3,58.4,9.1
3/4/2026,8:32:26 PM,246.00,38,32,18,40.7,33.2,20.1,708,904.1,0.2,0.2,92.8,95.6,975.47,17.3,58.4,25.9
3/4/2026,8:32:27 PM,247.00,38,32,18,40.7,33.2,20.1,705,903.3,0.2,0.2,92.8,95.6,975.51,17.3,58.4,9.1
3/4/2026,8:32:28 PM,248.00,40,33,18,40.7,33.2,20.1,705,902.5,0.2,0.2,95,95.6,975.49,17.3,58.4,9.1
3/4/2026,8:32:29 PM,249.00,39,33,18,40.7,33.2,20.1,702,901.7,0.2,0.2,95,95.6,975.52,17.3,58.4,9.1
3/4/2026,8:32:30 PM,250.00,39,33,19,40.7,33.2,20.1,699,900.9,0.2,0.2,95,95.6,975.49,17.2,58.4,9.1
3/4/2026,8:32:31 PM,251.00,41,33,19,40.7,33.2,20.1,702,900.1,0.2,0.2,95,95.6,975.5,17.2,58.4,25.9
3/4/2026,8:32:32 PM,252.00,42,33,20,40.7,33.2,20.1,702,899.3,0.2,0.2,95,95.6,975.51,17.2,58.4,11.1
3/4/2026,8:32:33 PM,253.00,43,34,20,40.7,33.2,20.1,711,898.6,0.2,0.2,97.1,95.6,975.51,17.2,58.4,11.1
3/4/2026,8:32:34 PM,254.00,44,35,21,40.7,33.2,20.1,713,897.9,0.2,0.2,99.2,95.6,975.43,17.2,58.4,11.1
3/4/2026,8:32:35 PM,255.00,43,34,21,40.7,33.2,20.1,709,897.1,0.2,0.2,97.1,95.6,975.43,17.2,58.4,11.1
3/4/2026,8:32:36 PM,256.00,40,33,20,40.7,33.2,20.1,708,896.4,0.2,0.2,95,95.6,975.46,17.2,58.4,25.9
3/4/2026,8:32:37 PM,257.00,43,33,20,40.7,33.2,20.1,710,895.7,0.2,0.2,95,95.6,975.48,17.2,58.4,11.1
3/4/2026,8:32:38 PM,258.00,41,34,21,40.7,33.2,20.1,719,895,0.2,0.2,97.1,95.6,975.47,17.2,58.4,11.1
3/4/2026,8:32:39 PM,259.00,43,33,20,40.7,33.2,20.1,719,894.3,0.2,0.2,95,95.6,975.48,17.2,58.4,11.1
3/4/2026,8:32:40 PM,260.00,42,33,20,40.7,33.2,20.1,721,893.7,0.2,0.2,95,95.6,975.46,17.2,58.4,11.1
3/4/2026,8:32:41 PM,261.00,42,33,20,40.7,33.2,20.1,725,893,0.2,0.2,95,95.6,975.45,17.2,58.4,25.9
3/4/2026,8:32:42 PM,262.00,42,33,20,40.7,33.2,20.1,725,892.4,0.2,0.2,95,95.6,975.43,17.2,58.4,11.1
3/4/2026,8:32:43 PM,263.00,42,33,20,40.7,33.2,20.1,724,891.8,0.2,0.2,95,95.6,975.44,17.2,58.4,11.1
3/4/2026,8:32:44 PM,264.00,43,33,20,40.7,33.2,20.1,721,891.1,0.2,0.2,95,95.6,975.45,17.2,58.4,11.1
3/4/2026,8:32:45 PM,265.00,43,33,20,40.8,33.2,20.1,721,890.5,0.2,0.2,95,95.6,975.48,17.2,58.4,11.1
3/4/2026,8:32:46 PM,266.00,43,33,20,40.8,33.2,20.1,723,889.9,0.2,0.2,95,95.6,975.48,17.2,58.4,25.9
3/4/2026,8:32:47 PM,267.00,43,33,20,40.8,33.2,20.1,723,889.3,0.2,0.2,95,95.6,975.45,17.2,58.4,11.1
3/4/2026,8:32:48 PM,268.00,43,33,20,40.8,33.2,20.1,726,888.7,0.2,0.2,95,95.6,975.45,17.2,58.4,11.1
3/4/2026,8:32:49 PM,269.00,44,34,20,40.8,33.2,20.1,724,888.1,0.2,0.2,97.1,95.6,975.43,17.2,58.4,11.1
3/4/2026,8:32:50 PM,270.00,44,34,20,40.8,33.2,20.1,729,887.5,0.2,0.2,97.1,95.6,975.43,17.2,58.4,11.1
3/4/2026,8:32:51 PM,271.00,45,34,20,40.8,33.2,20.1,724,886.9,0.2,0.2,97.1,95.6,975.46,17.2,58.4,25.9
3/4/2026,8:32:52 PM,272.00,45,33,20,40.8,33.2,20.1,723,886.3,0.2,0.2,95,95.6,975.45,17.2,58.4,11.1
3/4/2026,8:32:53 PM,273.00,45,33,20,40.8,33.2,20.1,721,885.7,0.2,0.2,95,95.6,975.46,17.2,58.4,11.1
3/4/2026,8:32:54 PM,274.00,43,33,20,40.9,33.2,20.1,721,885.1,0.2,0.2,95,95.6,975.42,17.2,58.4,11.1
3/4/2026,8:32:55 PM,275.00,43,33,20,40.9,33.2,20.1,718,884.5,0.2,0.2,95,95.6,975.43,17.2,58.4,9.1
3/4/2026,8:32:56 PM,276.00,45,33,20,40.9,33.2,20.1,713,883.9,0.2,0.2,95,95.6,975.45,17.2,58.4,25.9
3/4/2026,8:32:57 PM,277.00,44,33,20,40.9,33.2,20.1,710,883.3,0.2,0.2,95,95.6,975.42,17.2,58.4,11.1
3/4/2026,8:32:58 PM,278.00,44,33,20,40.9,33.2,20.1,710,882.6,0.2,0.2,95,95.6,975.42,17.2,58.4,16.8
3/4/2026,8:32:59 PM,279.00,42,32,19,40.9,33.2,20.1,714,882,0.2,0.2,92.8,95.5,975.41,17.2,58.4,14.9
3/4/2026,8:33:00 PM,280.00,43,33,19,40.9,33.2,20.1,705,881.4,0.2,0.2,95,95.5,975.39,17.2,58.4,13
3/4/2026,8:33:01 PM,281.00,42,33,19,40.9,33.2,20.1,709,880.8,0.2,0.2,95,95.5,975.4,17.2,58.4,29.7
3/4/2026,8:33:02 PM,282.00,43,34,19,40.9,33.2,20.1,711,880.2,0.2,0.2,97.1,95.6,975.41,17.1,58.4,13
3/4/2026,8:33:03 PM,283.00,44,35,20,40.9,33.2,20.1,711,879.6,0.2,0.2,99.2,95.6,975.42,17.1,58.4,13
3/4/2026,8:33:04 PM,284.00,43,34,20,40.9,33.2,20.1,705,879,0.2,0.2,97.1,95.6,975.43,17.1,58.4,13
3/4/2026,8:33:05 PM,285.00,42,32,18,40.9,33.2,20.1,702,878.4,0.2,0.2,92.8,95.6,975.43,17.1,58.4,13
3/4/2026,8:33:06 PM,286.00,40,32,18,40.9,33.2,20.1,703,877.8,0.2,0.2,92.8,95.6,975.46,17.1,58.4,27.8
3/4/2026,8:33:07 PM,287.00,37,31,16,40.9,33.2,20.1,702,877.2,0.2,0.2,90.7,95.5,975.41,17.1,58.4,13
3/4/2026,8:33:08 PM,288.00,35,31,16,40.9,33.2,20,709,876.6,0.2,0.2,90.7,95.5,975.41,17.1,58.4,13
3/4/2026,8:33:09 PM,289.00,35,31,16,40.9,33.2,20,709,876,0.2,0.2,90.7,95.5,975.43,17.1,58.4,13
3/4/2026,8:33:10 PM,290.00,35,31,17,40.9,33.2,20,714,875.5,0.2,0.2,90.7,95.5,975.43,17.1,58.4,13
3/4/2026,8:33:11 PM,291.00,31,29,16,40.8,33.2,20,719,874.9,0.2,0.2,86.5,95.5,975.43,17.1,58.4,27.8
3/4/2026,8:33:12 PM,292.00,29,28,16,40.8,33.2,20,719,874.4,0.2,0.2,84.4,95.4,975.41,17.1,58.4,13
3/4/2026,8:33:13 PM,293.00,31,30,17,40.8,33.2,20,713,873.9,0.2,0.2,88.6,95.4,975.38,17.1,58.4,13
3/4/2026,8:33:14 PM,294.00,31,30,17,40.7,33.1,20,710,873.3,0.2,0.2,88.6,95.4,975.4,17.1,58.4,13
3/4/2026,8:33:15 PM,295.00,31,30,17,40.7,33.1,20,710,872.8,0.2,0.2,88.6,95.3,975.39,17.1,58.4,13
3/4/2026,8:33:16 PM,296.00,31,30,17,40.7,33.1,19.9,713,872.2,0.2,0.2,88.6,95.3,975.4,17.1,58.4,27.8
3/4/2026,8:33:17 PM,297.00,32,31,17,40.6,33.1,19.9,715,871.7,0.2,0.2,90.7,95.3,975.41,17.1,58.4,13
3/4/2026,8:33:18 PM,298.00,32,31,17,40.6,33.1,19.9,713,871.2,0.2,0.2,90.7,95.3,975.39,17.1,58.4,13
3/4/2026,8:33:19 PM,299.00,32,31,17,40.6,33.1,19.9,715,870.7,0.2,0.2,90.7,95.3,975.4,17.1,58.4,13
3/4/2026,8:33:20 PM,300.00,31,30,17,40.5,33.1,19.9,715,870.2,0.2,0.2,88.6,95.3,975.4,17.1,58.4,13
3/4/2026,8:33:21 PM,301.00,32,31,18,40.5,33.1,19.9,713,869.6,0.2,0.2,90.7,95.2,975.42,17.1,57,27.8